id,foot
308054,RightFoot
958167,RightFoot
1137431,RightFoot
122848,LeftFoot
802142,LeftFoot
928122,LeftFoot
1086223,RightFoot
895868,RightFoot
925242,RightFoot
812145,LeftFoot
909991,RightFoot
795297,RightFoot
893549,RightFoot
788027,LeftFoot
865523,RightFoot
125407,RightFoot
798147,RightFoot
920744,LeftFoot
930191,LeftFoot
100565,LeftFoot
965008,RightFoot
287573,RightFoot
541578,RightFoot
849274,LeftFoot
970928,RightFoot
850891,RightFoot
1116577,RightFoot
148824,LeftFoot
898815,RightFoot
1067204,RightFoot
944327,RightFoot
41157,BothFeet
865651,BothFeet
812829,RightFoot
1096210,RightFoot
889259,BothFeet
108484,LeftFoot
45925,RightFoot
132704,RightFoot
798820,LeftFoot
958982,RightFoot
279563,RightFoot
1012172,LeftFoot
555540,BothFeet
984184,RightFoot
1000150,LeftFoot
829581,RightFoot
877013,RightFoot
78939,RightFoot
235656,RightFoot
933203,LeftFoot
872272,RightFoot
1397168,LeftFoot
841977,RightFoot
928800,LeftFoot
839156,RightFoot
914501,RightFoot
857772,RightFoot
195850,LeftFoot
39482,RightFoot
877201,RightFoot
832208,LeftFoot
855810,RightFoot
1100836,RightFoot
377302,LeftFoot
280991,RightFoot
826198,RightFoot
1121578,LeftFoot
1121333,LeftFoot
812946,RightFoot
933641,RightFoot
1017649,LeftFoot
962364,RightFoot
158615,RightFoot
884980,RightFoot
852404,RightFoot
609206,RightFoot
895592,RightFoot
864898,LeftFoot
233826,RightFoot
930189,RightFoot
1000015,RightFoot
984014,RightFoot
905264,LeftFoot
814589,LeftFoot
1012179,RightFoot
255389,RightFoot
341143,RightFoot
187121,RightFoot
147368,LeftFoot
795044,RightFoot
596736,LeftFoot
383314,RightFoot
220223,RightFoot
229740,LeftFoot
957937,RightFoot
901850,RightFoot
189135,RightFoot
1141754,RightFoot
862464,RightFoot
876259,RightFoot
137155,RightFoot
21927,BothFeet
82943,RightFoot
355486,RightFoot
21608,LeftFoot
352736,LeftFoot
372430,RightFoot
842709,LeftFoot
1014651,RightFoot
610766,RightFoot
986352,RightFoot
962029,RightFoot
317301,RightFoot
1000366,RightFoot
76132,RightFoot
1389689,RightFoot
901891,RightFoot
1155571,RightFoot
996919,LeftFoot
186845,RightFoot
1009268,LeftFoot
965009,LeftFoot
309156,RightFoot
824200,RightFoot
605374,RightFoot
928104,RightFoot
902019,RightFoot
759520,RightFoot
812533,RightFoot
156019,RightFoot
1169409,RightFoot
587628,RightFoot
994197,LeftFoot
1004505,LeftFoot
839226,RightFoot
886243,RightFoot
974863,RightFoot
333261,RightFoot
1613917,RightFoot
1155432,RightFoot
1394202,RightFoot
152769,RightFoot
35428,BothFeet
98212,LeftFoot
1101992,RightFoot
1012383,RightFoot
123976,RightFoot
47743,RightFoot
357584,LeftFoot
888340,RightFoot
1426235,LeftFoot
246319,RightFoot
907667,RightFoot
377118,LeftFoot
789958,RightFoot
920391,RightFoot
249929,RightFoot
19352,RightFoot
824584,LeftFoot
1605340,RightFoot
1010223,RightFoot
786175,RightFoot
126816,LeftFoot
1010220,RightFoot
789234,RightFoot
989894,RightFoot
965828,RightFoot
107936,RightFoot
859024,RightFoot
979043,RightFoot
795056,RightFoot
886930,RightFoot
802149,RightFoot
32040,RightFoot
148458,RightFoot
807291,RightFoot
165583,RightFoot
91046,RightFoot
115516,RightFoot
856123,BothFeet
1012650,LeftFoot
893008,RightFoot
990209,RightFoot
190933,LeftFoot
1119364,RightFoot
139235,RightFoot
137667,RightFoot
928295,BothFeet
1634980,LeftFoot
100580,RightFoot
587126,RightFoot
965011,LeftFoot
922928,RightFoot
98058,BothFeet
184417,LeftFoot
886628,RightFoot
350882,RightFoot
25530,RightFoot
1126175,RightFoot
1165371,RightFoot
232096,RightFoot
1444690,RightFoot
915280,LeftFoot
966849,RightFoot
1184308,RightFoot
1475557,LeftFoot
318607,RightFoot
16632,RightFoot
34120,RightFoot
1014286,RightFoot
1086199,LeftFoot
294313,RightFoot
834597,RightFoot
603738,RightFoot
339909,RightFoot
259995,LeftFoot
869795,RightFoot
1136325,RightFoot
869888,RightFoot
871706,RightFoot
1133715,LeftFoot
319129,BothFeet
901885,BothFeet
860435,RightFoot
1087359,LeftFoot
280439,LeftFoot
288321,BothFeet
1384847,RightFoot
1397346,RightFoot
851671,RightFoot
1088870,LeftFoot
256219,LeftFoot
1012657,RightFoot
794254,RightFoot
838232,RightFoot
1089098,RightFoot
1116570,LeftFoot
44614,RightFoot
787448,BothFeet
250547,RightFoot
893640,RightFoot
978301,RightFoot
548660,LeftFoot
1210848,RightFoot
287659,RightFoot
1173598,LeftFoot
1397348,RightFoot
1019971,RightFoot
1031548,RightFoot
1160957,RightFoot
1146225,RightFoot
1142248,RightFoot
1142256,RightFoot
208988,LeftFoot
1133119,LeftFoot
1068885,RightFoot
1592970,RightFoot
79680,LeftFoot
164511,RightFoot
892430,LeftFoot
136322,RightFoot
250501,LeftFoot
108673,RightFoot
1153083,LeftFoot
1118177,LeftFoot
999231,RightFoot
1525367,RightFoot
1170773,LeftFoot
877037,LeftFoot
215246,LeftFoot
2205650,RightFoot
857480,LeftFoot
126588,LeftFoot
892521,RightFoot
835480,RightFoot
14990,BothFeet
1520771,RightFoot
1157382,RightFoot
1183625,LeftFoot
788061,LeftFoot
917485,RightFoot
983816,RightFoot
1217613,RightFoot
1397736,RightFoot
1211005,RightFoot
996820,RightFoot
1459764,LeftFoot
1100354,RightFoot
989371,BothFeet
798002,LeftFoot
287057,RightFoot
173827,RightFoot
786259,LeftFoot
356032,RightFoot
807400,BothFeet
983815,RightFoot
1034303,RightFoot
604232,RightFoot
869275,RightFoot
1002564,LeftFoot
868958,RightFoot
941179,LeftFoot
976025,RightFoot
1029456,LeftFoot
139410,RightFoot
1000263,RightFoot
808590,LeftFoot
369866,RightFoot
1142606,RightFoot
797596,RightFoot
3041,RightFoot
132645,RightFoot
846148,RightFoot
911350,RightFoot
826326,RightFoot
151003,RightFoot
1099296,LeftFoot
1063373,RightFoot
964119,LeftFoot
905381,RightFoot
848355,LeftFoot
902031,BothFeet
1149288,RightFoot
970998,RightFoot
972523,RightFoot
835600,RightFoot
908716,LeftFoot
1162611,RightFoot
1409700,RightFoot
1155423,RightFoot
1526934,RightFoot
949780,RightFoot
1004790,RightFoot
818481,LeftFoot
862223,BothFeet
45923,RightFoot
78893,LeftFoot
105905,RightFoot
575852,RightFoot
1111640,RightFoot
959003,BothFeet
870211,RightFoot
1084730,RightFoot
829570,LeftFoot
965264,RightFoot
1618563,RightFoot
983601,LeftFoot
1142692,LeftFoot
831290,RightFoot
1923599,LeftFoot
558320,LeftFoot
1152386,RightFoot
1526932,RightFoot
1530727,LeftFoot
1423452,RightFoot
1643838,RightFoot
807295,RightFoot
295973,LeftFoot
882004,RightFoot
823733,LeftFoot
988037,LeftFoot
284363,LeftFoot
126236,RightFoot
989276,LeftFoot
826003,BothFeet
43905,RightFoot
822471,RightFoot
138605,BothFeet
796443,RightFoot
946985,RightFoot
915812,BothFeet
836168,RightFoot
357598,RightFoot
233252,RightFoot
36784,RightFoot
901325,LeftFoot
318967,RightFoot
27982,RightFoot
791566,LeftFoot
149606,RightFoot
912786,RightFoot
38162,RightFoot
825861,RightFoot
803033,LeftFoot
320979,RightFoot
856065,LeftFoot
111416,RightFoot
152276,RightFoot
980624,LeftFoot
553686,RightFoot
983059,RightFoot
845386,RightFoot
802665,BothFeet
569556,LeftFoot
589620,RightFoot
928796,BothFeet
39070,LeftFoot
917007,RightFoot
280087,RightFoot
971005,RightFoot
580512,RightFoot
67769,LeftFoot
831677,RightFoot
847467,RightFoot
232224,LeftFoot
250737,LeftFoot
124992,RightFoot
862697,RightFoot
794338,RightFoot
839909,BothFeet
897594,LeftFoot
984926,LeftFoot
960080,BothFeet
976401,RightFoot
913401,RightFoot
965014,LeftFoot
928814,RightFoot
927030,RightFoot
148899,RightFoot
1105138,RightFoot
1092409,LeftFoot
1082406,LeftFoot
119242,RightFoot
792308,RightFoot
1086992,LeftFoot
794927,RightFoot
804909,RightFoot
992912,LeftFoot
835601,RightFoot
100570,RightFoot
845802,RightFoot
944899,RightFoot
377512,RightFoot
99546,LeftFoot
844480,RightFoot
188405,LeftFoot
934409,RightFoot
933263,RightFoot
792311,LeftFoot
875295,LeftFoot
109461,RightFoot
1012248,LeftFoot
1143547,RightFoot
870263,LeftFoot
856062,RightFoot
848185,RightFoot
148566,LeftFoot
934238,RightFoot
826185,RightFoot
152420,RightFoot
844292,RightFoot
356352,RightFoot
359640,RightFoot
943595,RightFoot
846081,RightFoot
318657,RightFoot
1431516,RightFoot
1064080,RightFoot
97410,RightFoot
1137366,RightFoot
1001828,RightFoot
122701,BothFeet
98003,RightFoot
946006,RightFoot
170887,LeftFoot
997103,RightFoot
978562,RightFoot
795541,RightFoot
103156,RightFoot
150998,BothFeet
1087316,RightFoot
190319,RightFoot
804621,RightFoot
25522,RightFoot
1015287,LeftFoot
1032022,LeftFoot
352802,RightFoot
822163,RightFoot
34221,LeftFoot
363792,RightFoot
295133,BothFeet
1137730,RightFoot
1164381,LeftFoot
111487,RightFoot
921789,RightFoot
324353,LeftFoot
158235,RightFoot
954888,RightFoot
170499,RightFoot
385330,LeftFoot
1214992,RightFoot
305278,RightFoot
1100207,RightFoot
360396,RightFoot
27569,RightFoot
963211,RightFoot
796673,BothFeet
957602,LeftFoot
1099371,RightFoot
224456,RightFoot
1176744,BothFeet
190405,RightFoot
892924,RightFoot
84854,LeftFoot
1069244,RightFoot
970938,RightFoot
1050692,RightFoot
139228,RightFoot
357756,RightFoot
576438,LeftFoot
982615,BothFeet
233856,RightFoot
1017392,RightFoot
928777,RightFoot
891346,LeftFoot
790817,RightFoot
879746,RightFoot
945798,RightFoot
286087,RightFoot
979593,RightFoot
802034,RightFoot
46799,RightFoot
1019892,RightFoot
862373,RightFoot
973290,RightFoot
846441,LeftFoot
1154617,LeftFoot
967722,RightFoot
41234,RightFoot
929631,LeftFoot
835485,BothFeet
96372,RightFoot
11621,RightFoot
842364,RightFoot
851222,RightFoot
796658,RightFoot
842158,LeftFoot
108800,BothFeet
55119,RightFoot
152910,RightFoot
978285,RightFoot
541464,BothFeet
126989,RightFoot
847025,RightFoot
973300,LeftFoot
758664,RightFoot
916680,RightFoot
331447,RightFoot
158573,RightFoot
804901,BothFeet
972886,LeftFoot
931290,LeftFoot
227082,RightFoot
580638,LeftFoot
22126,RightFoot
149659,LeftFoot
47741,RightFoot
385320,RightFoot
587962,LeftFoot
937324,BothFeet
30027,LeftFoot
138152,RightFoot
987489,RightFoot
983572,LeftFoot
918482,LeftFoot
818440,LeftFoot
892673,RightFoot
888219,LeftFoot
844234,RightFoot
871765,RightFoot
1008111,RightFoot
828971,RightFoot
877371,LeftFoot
917048,BothFeet
827473,LeftFoot
830667,RightFoot
787642,RightFoot
46798,RightFoot
929199,LeftFoot
81827,RightFoot
165735,RightFoot
802138,LeftFoot
889785,LeftFoot
812314,RightFoot
316170,RightFoot
800417,RightFoot
888949,RightFoot
44241,LeftFoot
960441,LeftFoot
965330,RightFoot
830551,LeftFoot
367056,RightFoot
138165,RightFoot
6557,LeftFoot
139267,BothFeet
69367,BothFeet
954855,RightFoot
859917,RightFoot
973536,RightFoot
15190,RightFoot
812332,LeftFoot
967510,LeftFoot
53816,LeftFoot
870762,RightFoot
845486,RightFoot
806968,RightFoot
359272,RightFoot
190399,RightFoot
976037,LeftFoot
839818,RightFoot
71203,RightFoot
1086417,LeftFoot
558738,RightFoot
190435,RightFoot
80406,BothFeet
15444,RightFoot
845271,RightFoot
1065937,RightFoot
371222,RightFoot
1122910,LeftFoot
187205,RightFoot
924690,RightFoot
139229,RightFoot
155449,RightFoot
867546,RightFoot
788170,LeftFoot
131910,LeftFoot
132410,RightFoot
963398,LeftFoot
19394,RightFoot
876860,LeftFoot
1015274,LeftFoot
158599,RightFoot
21992,RightFoot
802143,RightFoot
830288,RightFoot
605580,LeftFoot
1108921,RightFoot
788185,LeftFoot
788284,LeftFoot
847097,RightFoot
55314,LeftFoot
365992,RightFoot
238408,BothFeet
340509,RightFoot
990050,LeftFoot
914765,RightFoot
906021,RightFoot
1155625,LeftFoot
927188,LeftFoot
362222,RightFoot
22975,RightFoot
42147,RightFoot
997215,BothFeet
1100272,RightFoot
840414,RightFoot
1067220,RightFoot
1000018,LeftFoot
96547,LeftFoot
880207,RightFoot
963084,RightFoot
914487,RightFoot
982601,RightFoot
842513,LeftFoot
931267,RightFoot
1046323,RightFoot
249629,RightFoot
148745,LeftFoot
545780,RightFoot
961688,RightFoot
936122,LeftFoot
940692,RightFoot
826208,LeftFoot
965795,RightFoot
70930,LeftFoot
111802,BothFeet
2089,BothFeet
110781,RightFoot
74506,LeftFoot
827934,RightFoot
386230,RightFoot
905453,RightFoot
373724,LeftFoot
1142612,RightFoot
931266,RightFoot
798664,LeftFoot
146951,RightFoot
338991,RightFoot
1397822,RightFoot
1108074,RightFoot
293581,RightFoot
330705,LeftFoot
881024,RightFoot
928779,RightFoot
18342,RightFoot
38710,BothFeet
2695,LeftFoot
826570,RightFoot
947171,RightFoot
250931,RightFoot
548178,LeftFoot
874481,RightFoot
880061,RightFoot
966869,BothFeet
13148,RightFoot
791190,BothFeet
831799,RightFoot
151124,RightFoot
590262,RightFoot
37151,BothFeet
173349,RightFoot
133792,LeftFoot
106258,RightFoot
845344,RightFoot
784655,LeftFoot
354576,RightFoot
123208,RightFoot
928106,RightFoot
958521,RightFoot
14933,RightFoot
970978,LeftFoot
907072,RightFoot
604954,RightFoot
794950,LeftFoot
44848,BothFeet
350210,LeftFoot
41270,LeftFoot
980383,RightFoot
40965,RightFoot
294597,LeftFoot
14251,LeftFoot
126071,RightFoot
928124,LeftFoot
24248,RightFoot
41008,RightFoot
317699,RightFoot
100568,RightFoot
135647,RightFoot
885197,RightFoot
43830,LeftFoot
359226,RightFoot
227864,LeftFoot
807301,RightFoot
796987,RightFoot
43476,BothFeet
69295,RightFoot
556960,LeftFoot
79403,LeftFoot
812207,RightFoot
862372,RightFoot
187111,LeftFoot
850035,RightFoot
28186,RightFoot
331405,LeftFoot
803031,RightFoot
131716,LeftFoot
893998,LeftFoot
31273,RightFoot
126982,RightFoot
311396,LeftFoot
142860,RightFoot
385386,LeftFoot
30127,RightFoot
301164,RightFoot
942992,RightFoot
836683,RightFoot
754794,RightFoot
149732,RightFoot
5712,RightFoot
310874,LeftFoot
587882,BothFeet
1002902,RightFoot
353250,RightFoot
893643,RightFoot
27234,RightFoot
11654,RightFoot
965778,LeftFoot
822468,RightFoot
18841,LeftFoot
1010062,RightFoot
787959,RightFoot
186953,RightFoot
149735,RightFoot
17814,RightFoot
308182,RightFoot
98075,RightFoot
22447,RightFoot
1019953,RightFoot
26097,LeftFoot
32493,RightFoot
1022084,RightFoot
148191,RightFoot
24818,RightFoot
48077,LeftFoot
888537,LeftFoot
137775,RightFoot
96649,RightFoot
788895,RightFoot
876236,RightFoot
335823,LeftFoot
115666,RightFoot
168647,RightFoot
862475,LeftFoot
13592,LeftFoot
826186,LeftFoot
841399,RightFoot
46972,RightFoot
